,Title,FirstName,SecondName,LastName,Nino,Email,index,Exist
99700,DR,Michael,Kimberly,Montgomery,CX800410C,michael.montgomery@hotmail.co.uk,0,Only present in old file
99701,SIR,Thomas,Sarah,Scott,XG71939C,thomas.scott@hotmail.com,1,Only present in old file
99702,MR,Margaret,Sandra,Hayes,JY391734C,margaret.hayes@example.com,2,Only present in old file
99703,CAPT,Paul,Patricia,Jenkins,ER117543B,paul.jenkins@hotmail.com,3,Only present in old file
99704,MRS,Emily,Sandra,Owen,RC200954D,emily.owen@aol.com,4,Only present in old file
99705,COL,John,Sarah,Anderson,JY331056C,john.anderson@helloworld.com,5,Only present in old file
99706,MRS,Patricia,Daniel,Owen,GJ141670D,patricia.owen@googlemail.com,6,Only present in old file
99707,PROF,Joanna,James,Martin,ZH843891B,joanna.martin@hotmail.com,7,Only present in old file
99708,DAME,Barbara,Stephen,Jenkins,NN471773C,barbara.jenkins@outlook.com,8,Only present in old file
99709,SIR,Paul,John,Hayes,PP106796A,paul.hayes@gmail.com,9,Only present in old file
99710,CAPT,Oscar,Betty,McGregor,EC97195A,oscar.mcgregor@helloworld.com,10,Only present in old file
99711,DR,Robert,Paul,Montgomery,JK424517D,robert.montgomery@aol.com,11,Only present in old file
99712,MISS,Paul,Elizabeth,Owen,MN736804B,paul.owen@aol.com,12,Only present in old file
99713,DAME,Anthony,Stephen,Smith,WX316043B,anthony.smith@live.co.uk,13,Only present in old file
99714,PROF,Stephen,Ashley,Smith,BE935092D,stephen.smith@hotmail.co.uk,14,Only present in old file
99715,CAPT,Joseph,Charles,Martin,HA348350B,joseph.martin@gmail.com,15,Only present in old file
99716,CAPT,Robert,David,Hayes,HT699012D,robert.hayes@outlook.com,16,Only present in old file
99717,MS,Dorothy,Joanna,Smith,EX912620B,dorothy.smith@gmail.com,17,Only present in old file
99718,PROF,Betty,Dorothy,Barry,ZX451931C,betty.barry@hotmail.co.uk,18,Only present in old file
99719,COL,Paul,Emily,Murray,SP217281A,paul.murray@live.com,19,Only present in old file
99720,LADY,Charles,Steven,Murray,JX885486B,charles.murray@example.com,20,Only present in old file
99721,DR,Matthew,Joshua,Murray,CX848022D,matthew.murray@gmail.com,21,Only present in old file
99722,MS,Martin,Jennifer,James,TA335323A,martin.james@googlemail.com,22,Only present in old file
99723,LADY,Richard,John,Smith,CZ226082C,richard.smith@gmail.com,23,Only present in old file
99724,DR,Sandra,Carol,Jenkins,NC128542A,sandra.jenkins@live.co.uk,24,Only present in old file
99725,PROF,Susan,Sandra,Martin,XP797326C,susan.martin@example.com,25,Only present in old file
99726,LORD,Kenneth,Sandra,Weir,BW303210B,kenneth.weir@example.com,26,Only present in old file
99727,LADY,Ashley,Linda,Scott,YE5408D,ashley.scott@hotmail.co.uk,27,Only present in old file
99728,DAME,Jessica,John,Brown,KP698088B,jessica.brown@gmail.com,28,Only present in old file
99729,CAPT,Martin,Nancy,James,YM908694A,martin.james@gmail.com,17758,Only present in old file
99730,LADY,Bernard,Sandra,Brown,ZK492044A,bernard.brown@live.co.uk,17759,Only present in old file
99731,MRS,Michelle,Anthony,Brown,SC681438D,michelle.brown@gmail.com,17760,Only present in old file
99732,PROF,Michael,Barbara,Owen,OY717215B,michael.owen@gmail.com,17761,Only present in old file
99733,LORD,Elizabeth,Robert,Anderson,SH141147A,elizabeth.anderson@live.com,17762,Only present in old file
99734,DR,Joanna,Steven,Brown,EN781685B,joanna.brown@gmail.com,17763,Only present in old file
99735,MR,Joshua,Michelle,Weir,YN150412D,joshua.weir@live.com,17764,Only present in old file
99736,COL,Christopher,Michael,Jenkins,CH284107C,christopher.jenkins@live.co.uk,17765,Only present in old file
99737,LADY,Mary,Mark,Jenkins,AG417336A,mary.jenkins@hotmail.com,17766,Only present in old file
99738,MS,Elizabeth,Barbara,Martin,RN674917D,elizabeth.martin@googlemail.com,17767,Only present in old file
99739,DR,Sarah,Joshua,Baxter,RE758691B,sarah.baxter@outlook.com,17768,Only present in old file
99740,MS,Matthew,Michelle,Montgomery,AB594471B,matthew.montgomery@googlemail.com,17769,Only present in old file
99741,SIR,Jessica,Bernard,Weir,OH884352C,jessica.weir@googlemail.com,17770,Only present in old file
99742,DAME,Daniel,Margaret,Scott,TH93080A,daniel.scott@helloworld.com,17771,Only present in old file
99743,MR,Thomas,Elizabeth,James,MP299323A,thomas.james@outlook.com,17772,Only present in old file
99744,MRS,Michael,Stephen,Barry,RE656864D,michael.barry@live.co.uk,17773,Only present in old file
99745,DAME,Kenneth,Joseph,Murray,AY139387C,kenneth.murray@hotmail.co.uk,17774,Only present in old file
99746,PROF,Patricia,Elizabeth,Hayes,PL868916B,patricia.hayes@googlemail.com,17775,Only present in old file
99747,PROF,Daniel,John,Hayes,LA504211C,daniel.hayes@example.com,17776,Only present in old file
99748,LORD,Joseph,Carol,Norman,RY308424A,joseph.norman@googlemail.com,17777,Only present in old file
99749,MR,Kenneth,Joseph,Baxter,PG187598C,kenneth.baxter@hotmail.com,17778,Only present in old file
99750,MISS,Mary,Stephen,Martin,EL158540C,mary.martin@hotmail.co.uk,17779,Only present in old file
99751,PROF,Robert,Lisa,Montgomery,LH214850B,robert.montgomery@aol.com,17780,Only present in old file
99752,DR,David,Mary,Baxter,YH447896B,david.baxter@live.com,17781,Only present in old file
99753,MR,Robert,Oscar,Scott,WL363484B,robert.scott@hotmail.com,17782,Only present in old file
99754,LADY,Linda,James,Montgomery,EP10381D,linda.montgomery@gmail.com,17783,Only present in old file
99755,MISS,Carol,Barbara,Hayes,XA279522C,carol.hayes@live.co.uk,17784,Only present in old file
99756,PROF,Matthew,Betty,Brown,CA366408D,matthew.brown@hotmail.com,17785,Only present in old file
99757,DR,David,Kimberly,Smith,KE515749D,david.smith@googlemail.com,17786,Only present in old file
99758,MRS,Sarah,David,Lescott,PW453987B,sarah.lescott@helloworld.com,17787,Only present in old file
99759,PROF,James,Mary,McGregor,ZE785577A,james.mcgregor@hotmail.com,17788,Only present in old file
99760,DAME,Donald,Christopher,Hayes,OZ344176B,donald.hayes@hotmail.co.uk,17789,Only present in old file
99761,DR,David,Charles,Murray,MJ478943D,david.murray@gmail.com,17790,Only present in old file
99762,MRS,Paul,Patricia,Lescott,MC117967C,paul.lescott@googlemail.com,17791,Only present in old file
99763,PROF,Oscar,Joseph,Baxter,JM626063B,oscar.baxter@live.com,17792,Only present in old file
99764,MS,Stephen,Mary,Norman,ZK27414A,stephen.norman@live.co.uk,17793,Only present in old file
99765,CAPT,Donald,Barbara,Hayes,KN442696C,donald.hayes@googlemail.com,17794,Only present in old file
99766,COL,Donna,Andrew,Lescott,XZ3510B,donna.lescott@googlemail.com,17795,Only present in old file
99767,LADY,Oscar,Sandra,Martin,NY960305D,oscar.martin@gmail.com,17796,Only present in old file
99768,LADY,William,Raymond,James,EH857073A,william.james@hotmail.com,17797,Only present in old file
99769,LORD,Oscar,Joanna,Jenkins,TX898845B,oscar.jenkins@googlemail.com,17798,Only present in old file
99770,MISS,Charles,Robert,Norman,WS642643B,charles.norman@live.com,17799,Only present in old file
99771,MISS,Kimberly,Daniel,Montgomery,CX357661D,kimberly.montgomery@gmail.com,17800,Only present in old file
99772,SIR,Margaret,Andrew,Anderson,ML372169A,margaret.anderson@gmail.com,17801,Only present in old file
99773,MR,Michelle,Stephen,Weir,ZT382681A,michelle.weir@aol.com,17802,Only present in old file
99774,DAME,William,Anthony,Brown,TZ755558B,william.brown@outlook.com,17803,Only present in old file
99775,MISS,Ashley,Christopher,Martin,SG451047A,ashley.martin@gmail.com,17804,Only present in old file
99776,MS,Kenneth,Linda,Smith,RX926789A,kenneth.smith@example.com,17805,Only present in old file
99777,COL,Jessica,Elizabeth,Brown,TL687122B,jessica.brown@aol.com,17806,Only present in old file
99778,COL,William,Jennifer,Hayes,EL433234D,william.hayes@live.co.uk,17807,Only present in old file
99779,MR,Joshua,Joanna,Brown,CG533345D,joshua.brown@live.co.uk,17808,Only present in old file
99780,MR,Kimberly,Margaret,Smith,MX649820D,kimberly.smith@live.co.uk,17809,Only present in old file
99781,DR,Kenneth,Michael,Murray,KA905240B,kenneth.murray@live.com,17810,Only present in old file
99782,MS,Linda,James,Anderson,AC451159C,linda.anderson@hotmail.co.uk,17811,Only present in old file
99783,LORD,Mark,Matthew,Lescott,OH555747B,mark.lescott@aol.com,17812,Only present in old file
99784,LORD,Kimberly,Margaret,Norman,RN847236A,kimberly.norman@googlemail.com,17813,Only present in old file
99785,CAPT,Joanna,Dorothy,Montgomery,SA846058A,joanna.montgomery@helloworld.com,17814,Only present in old file
99786,LORD,Donna,Elizabeth,Weir,BG686798A,donna.weir@helloworld.com,17815,Only present in old file
99787,MISS,John,Patricia,Murray,EB211186B,john.murray@live.co.uk,17816,Only present in old file
99788,CAPT,John,Oscar,Jenkins,SX699461A,john.jenkins@aol.com,17817,Only present in old file
99789,LADY,Betty,Barbara,Martin,BL140598A,betty.martin@hotmail.com,17818,Only present in old file
99790,LORD,Mary,Matthew,Scott,NA506194B,mary.scott@googlemail.com,17819,Only present in old file
99791,DR,Sarah,Emily,Owen,LX238716B,sarah.owen@live.com,17820,Only present in old file
99792,COL,James,Charles,James,YN467683C,james.james@gmail.com,17821,Only present in old file
99793,LADY,Linda,Barbara,Murray,JJ122475A,linda.murray@hotmail.com,17822,Only present in old file
99794,MRS,Richard,Steven,James,WA246574C,richard.james@live.com,17823,Only present in old file
99795,SIR,William,Linda,Martin,TK418900A,william.martin@aol.com,17824,Only present in old file
99796,MS,Carol,Margaret,McGregor,SS608383A,carol.mcgregor@example.com,17825,Only present in old file
99797,DR,Charles,Daniel,Jenkins,AT245738B,charles.jenkins@live.com,17826,Only present in old file
99798,COL,Michael,Jessica,Scott,XJ362054A,michael.scott@live.co.uk,17827,Only present in old file
99799,LADY,Bobby,William,Scott,KJ536312C,bobby.scott@live.com,17828,Only present in old file
99800,MRS,Anthony,David,Anderson,TH770970D,anthony.anderson@hotmail.co.uk,17829,Only present in old file
99801,CAPT,Thomas,Mark,Norman,YT40107B,thomas.norman@gmail.com,17830,Only present in old file
99802,MISS,Linda,Bobby,Martin,WZ45881C,linda.martin@example.com,17831,Only present in old file
99803,PROF,Mark,Patricia,James,PC622079D,mark.james@aol.com,17832,Only present in old file
99804,MR,Sandra,Linda,Martin,JP936959A,sandra.martin@outlook.com,17833,Only present in old file
99805,LADY,Mark,Karen,Murray,OZ428444A,mark.murray@aol.com,17834,Only present in old file
99806,LADY,Thomas,Mary,Hayes,AM960648D,thomas.hayes@outlook.com,17835,Only present in old file
99807,DR,William,Michelle,Weir,PK85722D,william.weir@outlook.com,17836,Only present in old file
99808,MISS,Linda,Richard,Baxter,ZY243666A,linda.baxter@googlemail.com,17837,Only present in old file
99809,PROF,Kenneth,Linda,Jenkins,TN889584A,kenneth.jenkins@aol.com,17838,Only present in old file
99810,LORD,Patricia,Joshua,James,ST90240C,patricia.james@outlook.com,17839,Only present in old file
99811,CAPT,Lisa,Thomas,Murray,RX949042B,lisa.murray@googlemail.com,17840,Only present in old file
99812,COL,Bernard,Paul,James,GG910782D,bernard.james@hotmail.co.uk,17841,Only present in old file
99813,LORD,Bobby,Emily,Murray,CE238928A,bobby.murray@gmail.com,17842,Only present in old file
99814,MR,Kimberly,Jessica,Martin,LP650114C,kimberly.martin@aol.com,17843,Only present in old file
99815,LORD,Kenneth,John,Barry,NJ369327B,kenneth.barry@outlook.com,17844,Only present in old file
99816,DAME,Karen,Betty,James,XM640254B,karen.james@gmail.com,17845,Only present in old file
99817,DAME,Emily,David,Lescott,PH480946A,emily.lescott@live.com,17846,Only present in old file
99818,MRS,Paul,Matthew,Baxter,KZ275842A,paul.baxter@live.co.uk,17847,Only present in old file
99819,DR,Jessica,Oscar,Lescott,ZY702322D,jessica.lescott@live.co.uk,17848,Only present in old file
99820,COL,Carol,Joshua,Baxter,TR367334B,carol.baxter@live.co.uk,17849,Only present in old file
99821,LORD,Jessica,Barbara,Lescott,GA522419B,jessica.lescott@gmail.com,17850,Only present in old file
99822,MRS,Betty,Joseph,Martin,HC71343D,betty.martin@outlook.com,17851,Only present in old file
99823,DAME,Christopher,Mary,Norman,KE932480B,christopher.norman@live.com,17852,Only present in old file
99824,MR,Patricia,Bernard,Scott,BK713113D,patricia.scott@hotmail.co.uk,17853,Only present in old file
99825,MS,Bobby,Oscar,Smith,KH228718D,bobby.smith@aol.com,17854,Only present in old file
99826,SIR,Daniel,James,McGregor,CA661466A,daniel.mcgregor@gmail.com,17855,Only present in old file
99827,MRS,Joseph,Carol,Jenkins,CJ962922A,joseph.jenkins@live.com,17856,Only present in old file
99828,COL,Steven,Andrew,Lescott,ZH688361B,steven.lescott@googlemail.com,17857,Only present in old file
99829,LADY,Dorothy,Margaret,Martin,TS7478B,dorothy.martin@outlook.com,17858,Only present in old file
99830,SIR,Elizabeth,Martin,Anderson,ON822206C,elizabeth.anderson@aol.com,17859,Only present in old file
99831,CAPT,Robert,Charles,Smith,CP238788B,robert.smith@hotmail.co.uk,17860,Only present in old file
99832,DAME,Steven,Jennifer,Owen,XL976833B,steven.owen@googlemail.com,17861,Only present in old file
99833,LORD,Stephen,Barbara,Martin,MB809165D,stephen.martin@helloworld.com,17862,Only present in old file
99834,MRS,Charles,Michelle,Montgomery,MB678527C,charles.montgomery@googlemail.com,17863,Only present in old file
99835,COL,Raymond,Joshua,Brown,XC600378D,raymond.brown@hotmail.co.uk,17864,Only present in old file
99836,MS,Thomas,William,Murray,SX31020C,thomas.murray@live.com,17865,Only present in old file
99837,LORD,Joanna,Daniel,Murray,WN741738D,joanna.murray@googlemail.com,17866,Only present in old file
99838,MISS,Sarah,Charles,Scott,YB832541C,sarah.scott@googlemail.com,17867,Only present in old file
99839,LORD,Susan,Karen,Anderson,MY576618D,susan.anderson@gmail.com,17868,Only present in old file
99840,LORD,Michelle,Oscar,Owen,TT725880D,michelle.owen@example.com,17869,Only present in old file
99841,MS,Emily,Dorothy,Barry,CN95823D,emily.barry@hotmail.com,17870,Only present in old file
99842,CAPT,David,Kenneth,Martin,RX801449A,david.martin@googlemail.com,17871,Only present in old file
99843,MISS,Betty,Margaret,Lescott,NW479620C,betty.lescott@gmail.com,17872,Only present in old file
99844,MS,Sarah,Susan,Murray,GX281461A,sarah.murray@helloworld.com,17873,Only present in old file
99845,MRS,Emily,Michelle,Scott,YY905690A,emily.scott@example.com,17874,Only present in old file
99846,CAPT,Donna,James,Martin,WK161437B,donna.martin@live.co.uk,17875,Only present in old file
99847,DAME,Daniel,Joseph,Scott,JJ829699A,daniel.scott@example.com,17876,Only present in old file
99848,PROF,Steven,Betty,McGregor,AB274887A,steven.mcgregor@aol.com,17877,Only present in old file
99849,LORD,Kenneth,Jennifer,Barry,XS908008D,kenneth.barry@hotmail.co.uk,17878,Only present in old file
99850,DR,Linda,Carol,Murray,AG99969C,linda.murray@gmail.com,17879,Only present in old file
99851,MISS,Sarah,Mark,Murray,HL578247C,sarah.murray@gmail.com,17880,Only present in old file
99852,MISS,Linda,James,Smith,GX318540B,linda.smith@helloworld.com,17881,Only present in old file
99853,MR,Anthony,David,Norman,AA623451C,anthony.norman@gmail.com,17882,Only present in old file
99854,DR,Oscar,Paul,Scott,LS91925B,oscar.scott@helloworld.com,17883,Only present in old file
99855,COL,Bobby,Paul,James,JK716776A,bobby.james@googlemail.com,17884,Only present in old file
99856,DAME,Donna,Carol,Montgomery,BS934857D,donna.montgomery@example.com,17885,Only present in old file
99857,MISS,William,Sarah,Jenkins,HA855439D,william.jenkins@live.com,17886,Only present in old file
99858,MISS,Patricia,Daniel,Jenkins,AM439943B,patricia.jenkins@aol.com,17887,Only present in old file
99859,COL,Paul,Donna,Montgomery,JX669402C,paul.montgomery@googlemail.com,17888,Only present in old file
99860,COL,Kenneth,Betty,Barry,RJ420305B,kenneth.barry@aol.com,17889,Only present in old file
99861,SIR,Steven,Charles,Anderson,LM120986D,steven.anderson@example.com,17890,Only present in old file
99862,LADY,Ashley,Richard,Hayes,AP236430C,ashley.hayes@live.com,17891,Only present in old file
99863,DAME,Michael,John,Anderson,TH359415D,michael.anderson@hotmail.co.uk,17892,Only present in old file
99864,COL,Mark,Margaret,Baxter,TB847337A,mark.baxter@hotmail.com,17893,Only present in old file
99865,MS,David,Charles,Baxter,BS615729A,david.baxter@outlook.com,17894,Only present in old file
99866,SIR,Robert,Michelle,Weir,JX656454B,robert.weir@googlemail.com,17895,Only present in old file
99867,PROF,Dorothy,Stephen,Weir,NK616850D,dorothy.weir@hotmail.co.uk,17896,Only present in old file
99868,LORD,William,Barbara,Martin,MY745876C,william.martin@helloworld.com,17897,Only present in old file
99869,CAPT,Kenneth,Joanna,Montgomery,LB576978C,kenneth.montgomery@example.com,17898,Only present in old file
99870,CAPT,Steven,Paul,James,EW585297A,steven.james@googlemail.com,17899,Only present in old file
99871,MR,Donna,Barbara,Owen,RE334790A,donna.owen@example.com,17900,Only present in old file
99872,LORD,Oscar,Kenneth,Norman,RH26017A,oscar.norman@helloworld.com,17901,Only present in old file
99873,COL,Richard,Jessica,Martin,CM128137D,richard.martin@live.com,17902,Only present in old file
99874,CAPT,Jessica,Nancy,Brown,AW228291C,jessica.brown@helloworld.com,17903,Only present in old file
99875,CAPT,Carol,Sandra,Montgomery,TG807251C,carol.montgomery@helloworld.com,17904,Only present in old file
99876,LADY,Betty,Mark,Scott,JJ877023A,betty.scott@gmail.com,17905,Only present in old file
99877,PROF,Carol,Margaret,Lescott,CX408696B,carol.lescott@aol.com,17906,Only present in old file
99878,SIR,Kenneth,Kimberly,Murray,WT178306A,kenneth.murray@outlook.com,17907,Only present in old file
99879,DAME,David,Joshua,Lescott,EG170069A,david.lescott@aol.com,17908,Only present in old file
99880,DAME,Sarah,Kenneth,Owen,BR40584B,sarah.owen@googlemail.com,17909,Only present in old file
99881,DR,William,Karen,Lescott,KZ351384A,william.lescott@aol.com,17910,Only present in old file
99882,DR,Christopher,Nancy,Jenkins,YC478118B,christopher.jenkins@example.com,17911,Only present in old file
99883,LORD,Jennifer,Stephen,Montgomery,ZY870417D,jennifer.montgomery@example.com,17912,Only present in old file
99884,MS,Raymond,Barbara,Brown,YG859096A,raymond.brown@helloworld.com,17913,Only present in old file
99885,MR,Donna,Patricia,Martin,KA210270B,donna.martin@gmail.com,17914,Only present in old file
99886,DR,Linda,Mark,Baxter,LW998919B,linda.baxter@aol.com,17915,Only present in old file
99887,CAPT,Charles,Steven,Lescott,WZ519332B,charles.lescott@example.com,17916,Only present in old file
99888,MRS,Jessica,David,Lescott,ME814586A,jessica.lescott@helloworld.com,17917,Only present in old file
99889,PROF,John,Karen,Barry,EN727709C,john.barry@live.com,99889,Only present in old file
99890,CAPT,Richard,Andrew,Brown,HH85489C,richard.brown@hotmail.com,99890,Only present in old file
99891,MISS,Lisa,Mark,McGregor,PX705682B,lisa.mcgregor@hotmail.co.uk,99891,Only present in old file
99892,MS,Kimberly,Thomas,Scott,WP904049D,kimberly.scott@live.com,99892,Only present in old file
99893,DR,Patricia,Steven,Norman,AL176675B,patricia.norman@helloworld.com,99893,Only present in old file
99894,MRS,Michelle,Susan,Baxter,NK75074C,michelle.baxter@gmail.com,99894,Only present in old file
99895,LADY,Charles,Emily,Brown,WZ393334B,charles.brown@hotmail.com,99895,Only present in old file
99896,CAPT,Lisa,John,Brown,XH947562D,lisa.brown@helloworld.com,99896,Only present in old file
99897,MR,Susan,John,James,WY49786D,susan.james@googlemail.com,99897,Only present in old file
99898,PROF,Mark,Patricia,Owen,AW751595C,mark.owen@aol.com,99898,Only present in old file
99899,MS,Ashley,Richard,Martin,MR214472B,ashley.martin@hotmail.com,99899,Only present in old file
99900,PROF,Jennifer,Donna,Montgomery,XT821749D,jennifer.montgomery@gmail.com,99900,Only present in old file
99901,MRS,Jennifer,Joanna,Montgomery,YP810033D,jennifer.montgomery@googlemail.com,99901,Only present in old file
99902,SIR,Matthew,John,Lescott,PY32613A,matthew.lescott@outlook.com,99902,Only present in old file
99903,MS,Martin,Margaret,Weir,MG462931B,martin.weir@hotmail.com,99903,Only present in old file
99904,DAME,Joshua,Ashley,Barry,NX20317A,joshua.barry@helloworld.com,99904,Only present in old file
99905,MR,Ashley,Charles,McGregor,HK84486B,ashley.mcgregor@live.co.uk,99905,Only present in old file
99906,MISS,Joseph,Matthew,McGregor,NR438808B,joseph.mcgregor@googlemail.com,99906,Only present in old file
99907,COL,Joanna,John,Brown,LM636442D,joanna.brown@hotmail.com,99907,Only present in old file
99908,MR,Lisa,Betty,Owen,HT670246A,lisa.owen@hotmail.co.uk,99908,Only present in old file
99909,DR,Ashley,Richard,Anderson,ET480047C,ashley.anderson@gmail.com,99909,Only present in old file
99910,DAME,Emily,Kenneth,Scott,NE218265C,emily.scott@aol.com,99910,Only present in old file
99911,LORD,Bobby,Joseph,Hayes,YJ261943D,bobby.hayes@hotmail.co.uk,99911,Only present in old file
99912,MRS,Donald,Sandra,Smith,CT875968A,donald.smith@hotmail.co.uk,99912,Only present in old file
99913,MR,Jessica,Emily,Weir,JT211293A,jessica.weir@googlemail.com,99913,Only present in old file
99914,DAME,Betty,Joseph,Baxter,WH912232B,betty.baxter@gmail.com,99914,Only present in old file
99915,MISS,Dorothy,Joanna,Barry,RW747115A,dorothy.barry@hotmail.com,99915,Only present in old file
99916,LADY,William,Matthew,Owen,SR177634C,william.owen@hotmail.co.uk,99916,Only present in old file
99917,LORD,Mark,Kimberly,Anderson,YR45139A,mark.anderson@googlemail.com,99917,Only present in old file
99918,COL,Kenneth,Jessica,Smith,AN894874D,kenneth.smith@helloworld.com,99918,Only present in old file
99919,MISS,Donald,William,Martin,BP904190B,donald.martin@live.co.uk,99919,Only present in old file
99920,MISS,Jessica,Michelle,Montgomery,PC188623D,jessica.montgomery@helloworld.com,99920,Only present in old file
99921,PROF,Joanna,Christopher,James,XJ657000A,joanna.james@live.co.uk,99921,Only present in old file
99922,MR,Andrew,Susan,McGregor,WW116105B,andrew.mcgregor@outlook.com,99922,Only present in old file
99923,LADY,Joshua,Donna,Scott,RZ631103C,joshua.scott@live.co.uk,99923,Only present in old file
99924,MR,Kenneth,Emily,Weir,EE851496A,kenneth.weir@live.com,99924,Only present in old file
99925,MRS,Lisa,Paul,Barry,KN630688A,lisa.barry@hotmail.co.uk,99925,Only present in old file
99926,MISS,Charles,Joanna,Lescott,SM372097A,charles.lescott@example.com,99926,Only present in old file
99927,MISS,Daniel,Dorothy,Barry,HH3938B,daniel.barry@helloworld.com,99927,Only present in old file
99928,CAPT,Sandra,Michelle,James,JY462375B,sandra.james@helloworld.com,99928,Only present in old file
99929,MISS,Joanna,Ashley,Anderson,AK450617C,joanna.anderson@gmail.com,99929,Only present in old file
99930,PROF,Oscar,Paul,Norman,SY967176B,oscar.norman@hotmail.co.uk,99930,Only present in old file
99931,LORD,Martin,Kimberly,Scott,OG76028A,martin.scott@outlook.com,99931,Only present in old file
99932,COL,Lisa,William,Smith,SZ769706B,lisa.smith@outlook.com,99932,Only present in old file
99933,DR,Daniel,Margaret,Barry,LX611577C,daniel.barry@aol.com,99933,Only present in old file
99934,LORD,Elizabeth,Jennifer,Anderson,ZL956287B,elizabeth.anderson@outlook.com,99934,Only present in old file
99935,MRS,Martin,Anthony,Hayes,RC49148C,martin.hayes@hotmail.com,99935,Only present in old file
99936,DAME,Michelle,Ashley,McGregor,GE844505C,michelle.mcgregor@live.com,99936,Only present in old file
99937,MRS,Bobby,James,Martin,EB329476B,bobby.martin@helloworld.com,99937,Only present in old file
99938,LADY,Steven,Mark,Martin,EB236996C,steven.martin@example.com,99938,Only present in old file
99939,DR,Daniel,Mary,Scott,ZG532514B,daniel.scott@googlemail.com,99939,Only present in old file
99940,LORD,Lisa,Bernard,Jenkins,AM572195C,lisa.jenkins@hotmail.com,99940,Only present in old file
99941,MS,Donald,Bobby,Murray,KS786033D,donald.murray@helloworld.com,99941,Only present in old file
99942,MISS,Betty,Linda,Owen,TY113417C,betty.owen@helloworld.com,99942,Only present in old file
99943,MRS,William,Thomas,Brown,WL40165A,william.brown@outlook.com,99943,Only present in old file
99944,CAPT,Patricia,Charles,Hayes,BG513854A,patricia.hayes@hotmail.co.uk,99944,Only present in old file
99945,COL,Sandra,Jennifer,James,YW195423C,sandra.james@helloworld.com,99945,Only present in old file
99946,LORD,Dorothy,Mary,James,PK514140A,dorothy.james@live.com,99946,Only present in old file
99947,CAPT,Joseph,Mary,Barry,PG525410D,joseph.barry@googlemail.com,99947,Only present in old file
99948,LADY,Jennifer,Steven,Martin,TG940146C,jennifer.martin@googlemail.com,99948,Only present in old file
99949,DR,Michelle,Daniel,Scott,SK266440D,michelle.scott@aol.com,99949,Only present in old file
99950,DR,Jessica,Robert,Montgomery,GL193150B,jessica.montgomery@live.co.uk,99950,Only present in old file
99951,PROF,Nancy,Karen,McGregor,EG27648C,nancy.mcgregor@googlemail.com,99951,Only present in old file
99952,DR,Michael,Steven,Lescott,ZY859482D,michael.lescott@outlook.com,99952,Only present in old file
99953,LADY,Richard,Matthew,Brown,ZK272361A,richard.brown@googlemail.com,99953,Only present in old file
99954,MR,Dorothy,Karen,Anderson,GY818658B,dorothy.anderson@live.co.uk,99954,Only present in old file
99955,DAME,David,John,Norman,CH308923C,david.norman@googlemail.com,99955,Only present in old file
99956,COL,Thomas,Mark,Smith,OE199185D,thomas.smith@helloworld.com,99956,Only present in old file
99957,MISS,Margaret,David,Baxter,RB522103A,margaret.baxter@hotmail.co.uk,99957,Only present in old file
99958,MS,Oscar,Raymond,Hayes,TB549792B,oscar.hayes@googlemail.com,99958,Only present in old file
99959,LADY,Oscar,Kimberly,Brown,WM284625C,oscar.brown@aol.com,99959,Only present in old file
99960,DAME,Daniel,Margaret,Hayes,SZ587097B,daniel.hayes@hotmail.com,99960,Only present in old file
99961,MR,David,Kimberly,Hayes,JY148974C,david.hayes@outlook.com,99961,Only present in old file
99962,MR,Sarah,Raymond,James,YW37660B,sarah.james@aol.com,99962,Only present in old file
99963,MISS,Robert,Daniel,Montgomery,NZ904715D,robert.montgomery@helloworld.com,99963,Only present in old file
99964,COL,Karen,Joseph,Hayes,BE64656B,karen.hayes@example.com,99964,Only present in old file
99965,LORD,David,Daniel,Owen,LL359525A,david.owen@outlook.com,99965,Only present in old file
99966,CAPT,Joanna,Betty,Martin,WJ979146D,joanna.martin@outlook.com,99966,Only present in old file
99967,DR,Anthony,Susan,Barry,AZ657957C,anthony.barry@helloworld.com,99967,Only present in old file
99968,PROF,Michelle,Bernard,Martin,LJ620833B,michelle.martin@example.com,99968,Only present in old file
99969,MISS,Michael,Michelle,Martin,ZK311273B,michael.martin@outlook.com,99969,Only present in old file
99970,COL,Barbara,Carol,Scott,RB943760B,barbara.scott@live.com,99970,Only present in old file
99971,MS,Patricia,Emily,Smith,SB974379C,patricia.smith@helloworld.com,99971,Only present in old file
99972,MS,Michelle,Lisa,Weir,OB186084C,michelle.weir@googlemail.com,99972,Only present in old file
99973,COL,Dorothy,Paul,Murray,ZM285498C,dorothy.murray@googlemail.com,99973,Only present in old file
99974,MR,Karen,Donald,Martin,HL219266A,karen.martin@gmail.com,99974,Only present in old file
99975,DR,Ashley,Stephen,Murray,WZ405232D,ashley.murray@live.com,99975,Only present in old file
99976,LORD,Martin,Dorothy,Barry,OW734001D,martin.barry@live.com,99976,Only present in old file
99977,MS,Stephen,Anthony,Lescott,KW411335B,stephen.lescott@aol.com,99977,Only present in old file
99978,MRS,Sandra,Betty,James,AH196257D,sandra.james@outlook.com,99978,Only present in old file
99979,LADY,Donna,Joanna,Barry,TW412898B,donna.barry@hotmail.com,99979,Only present in old file
99980,LORD,Joseph,William,Montgomery,CN990011C,joseph.montgomery@live.com,99980,Only present in old file
99981,SIR,Bernard,Oscar,Scott,GC605099B,bernard.scott@live.co.uk,99981,Only present in old file
99982,DAME,Daniel,Jennifer,Owen,BG558830D,daniel.owen@gmail.com,99982,Only present in old file
99983,DR,Sarah,Linda,Anderson,JK978268A,sarah.anderson@helloworld.com,99983,Only present in old file
99984,CAPT,Raymond,Joanna,Montgomery,WA471921B,raymond.montgomery@helloworld.com,99984,Only present in old file
99985,MISS,Nancy,Donald,James,RP804791C,nancy.james@hotmail.com,99985,Only present in old file
99986,SIR,Thomas,John,Smith,JN895072B,thomas.smith@hotmail.com,99986,Only present in old file
99987,PROF,Robert,Raymond,Anderson,ZS670956D,robert.anderson@example.com,99987,Only present in old file
99988,DR,Martin,Daniel,Murray,CG40996D,martin.murray@live.com,99988,Only present in old file
99989,MISS,James,Christopher,Montgomery,GK275513D,james.montgomery@hotmail.co.uk,99989,Only present in old file
99990,PROF,Raymond,William,Barry,TR236206D,raymond.barry@example.com,99990,Only present in old file
99991,DAME,Joshua,Joanna,Barry,GM240929D,joshua.barry@gmail.com,99991,Only present in old file
99992,DR,Daniel,Robert,Jenkins,HJ135924C,daniel.jenkins@helloworld.com,99992,Only present in old file
99993,DR,Andrew,Betty,Lescott,TY564344C,andrew.lescott@hotmail.com,99993,Only present in old file
99994,LADY,Nancy,Donald,Baxter,OH126256B,nancy.baxter@helloworld.com,99994,Only present in old file
99995,CAPT,Donald,Margaret,Montgomery,WB56596C,donald.montgomery@live.com,99995,Only present in old file
99996,LADY,Oscar,Bernard,Smith,NY858194C,oscar.smith@live.co.uk,99996,Only present in old file
99997,MRS,Martin,Betty,Brown,RM491167A,martin.brown@live.com,99997,Only present in old file
99998,PROF,Nancy,Joseph,Anderson,AT233560B,nancy.anderson@hotmail.co.uk,99998,Only present in old file
99999,CAPT,Thomas,Michael,Hayes,HL199974C,thomas.hayes@live.co.uk,99999,Only present in old file
